{"type":"linear","W":[1.0404559517346483],"b":-0.2694840635353189}