{"type":"linear","W":[0.9953678363258132,1.0015611139765352],"b":-0.0023106383848674763}