{"type":"linear","W":[1.0000037611947743,0.9999870985920758],"b":-0.001621916887317405}